'account_number','service_class','service_index','oc_class','char1','char2'
'7048401020',S008,'800001806','','',''
'7048401020',S008,'800002970','','',''
'7048401020',S008,'800007170','','',''
'7048401020',S008,'800002600','','',''
'7048401020',S008,'800002470','','',''
'7048401020',S008,'800002501','','',''
'7047505020',S004,'800007377','61907996','',''
'7047505020',S004,'800001855','61907996','',''
'7047505020',S004,'800007313','61907996','',''
'7047505020',S004,'800007312','61907996','',''
'7047505020',S004,'800007447','61907996','',''
'7047505020',S004,'800006215','61907996','',''
'7047505020',S004,'800007611','61907996','',''
'7047505020',S004,'800001918','61907996','',''
'7047505020',S004,'800007555','61907996','',''
'7047505020',S004,'800001821','61907996','',''
'7047505020',S004,'800001774','61907996','',''
'7047505020',S004,'800003250','61907996','',''
'7047505020',S004,'800003254','61907996','',''
'7047505020',S004,'800003261','61907996','',''
'7047505020',S036,'800001820','61907996','',''
'7047505020',S004,'800010284','61907996','',''
'7047505020',S004,'800001820','61907996','',''
'7047505020',S004,'800001931','61907996','',''
'7047505020',S004,'800007397','61907996','',''
'7047505020',S004,'800005015','61907996','',''
'7047505020',S004,'800001828','61907996','',''
'7047505020',S004,'800001773','61907996','',''
'7047505020',S004,'800010584','61907996','',''
'7047505020',S004,'800010583','61907996','',''
'7047505020',S004,'800010586','61907996','',''
'7047505020',S004,'800010588','61907996','',''
'7047505020',S004,'800010589','61907996','',''
'7047505020',S064,'800005015','61907996','',''
'7047505020',S004,'800006330','61907996','',''
'7047505020',S004,'800007556','61907996','',''
'7047505020',S004,'800007554','61907996','',''
'7047505020',S004,'800003262','61907996','',''
'7047505020',S004,'800008766','61907996','',''
'7047505020',S004,'800000717','61907996','',''
'7047505020',S004,'800001290','61907996','',''
'7047505020',S004,'800006662','61907996','',''
'7047505020',S004,'800003306','61907996','',''
'7047505020',S004,'800002436','61907996','',''
'7047505020',S004,'800008764','61907996','',''
'7047505020',S004,'800007467','61907996','',''
'7047505020',S004,'800006286','61907996','',''
'7047505020',S004,'800000712','61907996','',''
'7047505020',S004,'800006184','61907996','',''
'7047505020',S001,'800007377','61907996','',''
'7047505020',S001,'800007312','61907996','',''
'7047505020',S001,'800007313','61907996','',''
'7047505020',S004,'800007501','61907996','',''
'7047505020',S005,'800007377','61907996','',''
'7047505020',S005,'800007312','61907996','',''
'7047505020',S005,'800007313','61907996','',''
'7047505020',S064,'800006759','61907996','',''
'7047505020',S036,'800006755','61907996','',''
'7047505020',S004,'800006757','61907996','',''
'7047505020',S004,'800006760','61907996','',''
'7047505020',S004,'800002131','61907996','',''
'7047505020',S004,'800007477','61907996','',''
'7047505020',S004,'800008765','61907996','',''
'7047505020',S004,'800006755','61907996','',''
'7047505020',S005,'800002436','61907996','',''
'7047505020',S004,'800009542','61907996','',''
'7048208010',S001,'800000706','60401018',X,''
'7048208010',S001,'800007315','60804001',X,''
'7048208010',S001,'800007315','60401018',X,''
'7048208010',S001,'800007315','60401018',X,X
'7048208010',S001,'800003300','60804001',X,''
'7048208010',S001,'800003300','60401018',X,''
'7048208010',S001,'800003300','60401018',X,X
'7048208010',S001,'800003296','60401018',X,X
'7048208010',S001,'800003296','60401018',X,''
'7048208010',S001,'800003300','60401099',X,''
'7048208010',S001,'800003300','60401018','',X
'7048208010',S001,'800003300','91507998',X,''
'7048208010',S001,'800007338','60401018',X,''
'7048208010',S001,'800007338','60401018',X,X
'7048208010',S001,'800003299','60804001',X,''
'7048208010',S001,'800003299','60401018',X,''
'7048208010',S001,'800003299','60401018',X,X
'7048208010',S001,'800008022','60804001',X,''
'7048208010',S001,'800008022','60401018',X,''
'7048208010',S001,'800008022','60401018',X,X
'7048208010',S001,'800008022','60401018','',X
'7048208010',S001,'800007318','60804001',X,''
'7048208010',S001,'800007318','60401018',X,''
'7048208010',S001,'800007318','60401018',X,X
'7048208010',S001,'800007318','60401018','',X
'7048208010',S001,'800007315','60401018','',X
'7048208010',S001,'800007315','91507998',X,''
'7048208010',S001,'800007315','60401099',X,''
'7048208010',S001,'800008022','91507998',X,''
'7048208010',S001,'800000599','60804001',X,''
'7048208010',S001,'800000599','60401018',X,''
'7048208010',S001,'800000599','60401018',X,X
'7048208010',S001,'800000599','60401018','',X
'7048208010',S001,'800007311','60401018',X,''
'7048208010',S001,'800007311','60401018',X,X
'7048208010',S001,'800007311','91507998',X,''
'7048208010',S001,'800000706','60804001',X,''
'7048208010',S001,'800007310','60401018',X,X
'7048208010',S001,'800007310','60401018',X,''
'7048208010',S001,'800007338','60804001',X,''
'7048208010',S001,'800007311','60804001',X,''
'7048208010',S001,'800007311','60401099',X,''
'7048208010',S001,'800007311','60401018','',X
'7048208010',S001,'800007258','60401018',X,''
'7048208010',S001,'800007258','60401018',X,X
'7048208010',S001,'800007258','60804001',X,''
'7048208010',S001,'800007258','91507998',X,''
'7048208010',S001,'800000706','60401018',X,X
'7048208010',S001,'800000706','91507998',X,''
'7048208010',S001,'800007338','60401018','',X
'7048208010',S001,'800000706','60401099',X,''
'7048208010',S001,'800000706','60401018','',X
'7048208010',S001,'800000599','60401099',X,''
'7048208010',S001,'800000599','91507998',X,''
'7048208010',S001,'800000023','60804001',X,''
'7048208010',S001,'800000023','60401018',X,X
'7048208010',S001,'800000023','60401018',X,''
'7048208010',S001,'800000023','91507998',X,''
'7048208010',S001,'800007258','60401018','',X
'7048208010',S001,'800003301','60804001',X,''
'7048208010',S001,'800003301','60401018',X,''
'7048208010',S001,'800003301','60401018',X,X
'7048208010',S001,'800003296','60804001',X,''
'7048208010',S001,'800003296','60401018','',X
'7048208010',S001,'800003296','91507998',X,''
'7048208010',S001,'800007338','60401099',X,''
'7048208010',S001,'800007338','91507998',X,''
'7048208010',S001,'800007626','60401018',X,''
'7048208010',S001,'800007626','60804001',X,''
'7048208010',S001,'800007626','60401018','',X
'7048208010',S001,'800007626','60401018',X,X
'7048208010',S001,'800007631','60401018',X,''
'7048208010',S001,'800007631','60804001',X,''
'7048208010',S001,'800007631','60401018','',X
'7048208010',S001,'800007631','60401018',X,X
'7048208010',S001,'800007310','60804001',X,''
'7048208010',S001,'800007310','60401099',X,''
'7048208010',S001,'800007310','60401018','',X
'7048208010',S001,'800007310','91507998',X,''
'7048208010',S001,'800008022','60401099',X,''
'7048208010',S001,'800007535','60804001',X,''
'7048208010',S001,'800007535','60401018',X,''
'7048208010',S001,'800007535','60401018',X,X
'7048208010',S001,'800007535','91507998',X,''
'7048208010',S004,'800008022','60804001',X,''
'7048208010',S004,'800007318','60804001',X,''
'7048208010',S004,'800007315','60804001',X,''
'7048208010',S004,'800007626','60804001',X,''
'7048208010',S004,'800007631','60804001',X,''
'7048208010',S001,'800007318','60401099',X,''
'7048208010',S001,'800007318','91507998',X,''
'7048208010',S001,'800007626','60401099',X,''
'7048208010',S001,'800007626','91507998',X,''
'7048208010',S001,'800007631','60401099',X,''
'7048208010',S001,'800007631','91507998',X,''
'7048208010',S001,'800007535','60401018','',X
'7048208010',S001,'800003301','60401099',X,''
'7048208010',S001,'800003301','60401018','',X
'7048208010',S001,'800003301','91507998',X,''
'7048208010',S001,'800007258','60401099',X,''
'7048208010',S001,'800003299','91507998',X,''
'7048208010',S004,'800008022','60401018',X,''
'7048208010',S004,'800008022','60401018',X,X
'7048208010',S004,'800008022','60401018','',X
'7048208010',S004,'800008022','60401099',X,''
'7048208010',S004,'800007318','60401018',X,''
'7048208010',S004,'800007318','60401018',X,X
'7048208010',S004,'800007318','60401018','',X
'7048208010',S004,'800007318','60401099',X,''
'7048208010',S004,'800007315','60401018',X,''
'7048208010',S004,'800007315','60401018',X,X
'7048208010',S004,'800007315','60401018','',X
'7048208010',S004,'800007315','60401099',X,''
'7048208010',S001,'800003297','60401018',X,X
'7048208010',S001,'800003297','60401018','',X
'7048208010',S001,'800003297','60401018',X,''
'7048208010',S001,'800007630','60401018','',X
'7048208010',S001,'800007630','60401018',X,''
'7048208010',S001,'800007336','60804001',X,''
'7048208010',S001,'800006393','60401018',X,''
'7048208010',S001,'800006393','60401018',X,X
'7048208010',S001,'800006393','60804001',X,''
'7048208010',S001,'800003299','60401018','',X
'7048208010',S001,'800007336','60401018',X,X
'7048208010',S001,'800007336','60401018','',X
'7048208010',S001,'800007336','60401018',X,''
'7048208010',S001,'800007335','60401018',X,''
'7048208010',S001,'800007335','60401018','',X
'7048208010',S001,'800007629','60804001',X,''
'7048208010',S001,'800007629','60401018','',X
'7048208010',S001,'800007629','60401018',X,X
'7048208010',S001,'800007629','60401018',X,''
'7048208010',S001,'800003297','60804001',X,''
'7048208010',S001,'800007336','91507998',X,''
'7048208010',S001,'800007630','60804001',X,''
'7048208010',S001,'800007627','60804001',X,''
'7048208010',S001,'800007627','60401018',X,''
'7048208010',S001,'800007627','60401018',X,X
'7048208010',S038,'800008022','60804001',X,''
'7048208010',S038,'800008022','60401018',X,''
'7048208010',S038,'800008022','60401018',X,X
'7048208010',S038,'800008022','60401018','',X
'7048208010',S001,'800006393','60401018','',X
'7048208010',S004,'800007310','60401018',X,''
'7048208010',S001,'800010110','60804001',X,''
'7048208010',S001,'800007339','60804001',X,''
'7048208010',S036,'800008022','91507998',X,''
'7048208010',S036,'800008022','60804001',X,''
'7048208010',S036,'800008022','60401018',X,''
'7048208010',S036,'800008022','60401018',X,X
'7048208010',S038,'800007315','60804001',X,''
'7048208010',S038,'800007315','60401018',X,''
'7048208010',S038,'800007315','60401018',X,X
'7048208010',S038,'800007315','60401018','',X
'7048208010',S001,'800007256','60401018',X,''
'7048208010',S036,'800008022','60401018','',X
'7048208010',S001,'800010110','60401018',X,''
'7048208010',S001,'800010110','60401018',X,X
'7048208010',S001,'800010243','60804001',X,''
'7048208010',S001,'800010243','60401018',X,''
'7048208010',S001,'800010243','60401018',X,X
'7048208010',S001,'800010242','60804001',X,''
'7048208010',S001,'800010242','60401018',X,''
'7048208010',S001,'800010242','60401018',X,X
'7048208010',S001,'800007629','91507998',X,''
'7048208010',S001,'800007890','60401018',X,''
'7048208010',S005,'800007315','60401018',X,''
'7048208010',S005,'800007315','60401018','',X
'7048208010',S005,'800008022','60401018',X,''
'7048208010',S005,'800008022','60401018','',X
'7048208010',S001,'800007256','60804001',X,''
'7048208010',S001,'800003299','60401099',X,''
'7048208010',S001,'800007256','60401018',X,X
'7048208010',S001,'800007256','60401018','',X
'7048208010',S001,'800007627','60401018','',X
'7048208010',S001,'800007890','60401018',X,X
'7048208010',S001,'800007628','60401018',X,''
'7048208010',S001,'800007628','60401018',X,X
'7048208010',S036,'800007315','60804001',X,''
'7048208010',S036,'800007315','60401018',X,''
'7048208010',S036,'800007315','60401018','',X
'7048208010',S001,'800007630','60401018',X,X
'7048208010',S001,'800009392','60401018',X,''
'7048208010',S001,'800007335','60804001',X,''
'7048208010',S001,'800007335','60401018',X,X
'7048208010',S001,'800007628','60401018','',X
'7048208010',S001,'800007890','60401018','',X
'7048208010',S001,'800007628','60804001',X,''
'7048208010',S001,'800007890','60804001',X,''
'7048208010',S001,'800007337','60401018',X,''
'7048208010',S001,'800008951','60401018',X,''
'7048208010',S001,'800008951','60401018',X,X
'7048208010',S001,'800008951','60804001',X,''
'7048208010',S004,'800007535','60804001',X,''
'7048208010',S004,'800007535','60401018',X,''
'7048208010',S004,'800007535','60401018',X,X
'7048208010',S004,'800007535','91507998',X,''
'7048208010',S004,'800007311','60804001',X,''
'7048208010',S004,'800007311','60401018',X,''
'7048208010',S004,'800007311','60401018',X,X
'7048208010',S004,'800007311','91507998',X,''
'7048208010',S004,'800007336','60804001',X,''
'7048208010',S004,'800007336','60401018',X,''
'7048208010',S004,'800007336','60401018',X,X
'7048208010',S004,'800007336','91507998',X,''
'7048208010',S001,'800006393','91507998',X,''
'7048208010',S001,'800003297','91507998',X,''
'7048208010',S001,'800000706','60401109',X,''
'7048208010',S001,'800007535','60401109',X,''
'7048208010',S001,'800010240','60401018',X,''
'7048208010',S001,'800010240','60401018',X,X
'7048208010',S001,'800010241','60804001',X,''
'7048208010',S001,'800009392','60804001',X,''
'7048208010',S004,'800007626','60401018',X,X
'7048208010',S004,'800007626','60401018',X,''
'7048208010',S001,'800010282','60804001',X,''
'7048208010',S001,'800010282','60401018',X,''
'7048208010',S001,'800010282','60401018',X,X
'7048208010',S001,'800010282','60401018','',X
'7048208010',S004,'800003299','60804001',X,''
'7048208010',S004,'800003299','60401018',X,''
'7048208010',S004,'800003299','60401018',X,X
'7048208010',S004,'800003299','60401109',X,''
'7048208010',S004,'800003300','60804001',X,''
'7048208010',S004,'800003300','60401018',X,''
'7048208010',S004,'800003300','60401018',X,X
'7048208010',S004,'800003300','60401109',X,''
'7048208010',S004,'800007335','60804001',X,''
'7048208010',S004,'800007335','60401018',X,''
'7048208010',S004,'800007335','60401018',X,X
'7048208010',S004,'800007335','60401109',X,''
'7048208010',S001,'800003300','60401109',X,''
'7048208010',S001,'800007335','60401109',X,''
'7048208010',S001,'800009453','60401018',X,''
'7048208010',S001,'800009453','60401018',X,X
'7048208010',S001,'800009392','60401018',X,X
'7048208010',S001,'800003428','60804001',X,''
'7048208010',S001,'800007335','91507998',X,''
'7048208010',S004,'800007627','60804001',X,''
'7048208010',S005,'800007315','60804001',X,''
'7048208010',S005,'800007315','60401018',X,X
'7048208010',S005,'800007315','91507998',X,''
'7048208010',S001,'800007337','60804001',X,''
'7048208010',S001,'800007713','60804001',X,''
'7048208010',S001,'800007713','60401018',X,''
'7048208010',S001,'800007713','60401018','',X
'7048208010',S001,'800009600','60804001',X,''
'7048208010',S004,'800007535','60401018','',X
'7048208010',S004,'800007336','60401018','',X
'7048208010',S004,'800007311','60401018','',X
'7048208010',S004,'800007310','60804001',X,''
'7048208010',S004,'800007310','60401018',X,X
'7048208010',S004,'800007310','60401018','',X
'7048208010',S001,'800007339','60401018',X,''
'7048208010',S001,'800007339','60401018',X,X
'7048208010',S036,'800007535','60804001',X,''
'7048208010',S036,'800007535','60401018','',X
'7048208010',S036,'800007535','60401018',X,''
'7048208010',S036,'800007535','60401018',X,X
'7048208010',S036,'800007311','60804001',X,''
'7048208010',S036,'800007311','60401018',X,X
'7048208010',S036,'800007311','60401018',X,''
'7048208010',S036,'800007311','60401018','',X
'7048208010',S036,'800007335','60804001',X,''
'7048208010',S036,'800007335','60401018','',X
'7048208010',S036,'800007335','60401018',X,''
'7048208010',S001,'800010110','60401018','',X
'7048208010',S001,'800010110','91507998',X,''
'7048208010',S001,'800007339','60401018','',X
'7048208010',S001,'800007339','91507998',X,''
'7048208010',S001,'800007337','60401018',X,X
'7048208010',S001,'800007337','60401018','',X
'7048209010',S004,'800003254','91507998',X,''
'7048209010',S004,'800003254','60401018',X,''
'7048209010',S004,'800003261','91507998',X,''
'7048209010',S004,'800003261','60401018',X,''
'7048209010',S004,'800001855','91507998',X,''
'7048209010',S004,'800001855','60401018',X,''
'7048209010',S004,'800003254','60401018',X,X
'7048209010',S004,'800003261','60401018',X,X
'7048209010',S004,'800007377','60401018',X,X
'7048209010',S004,'800007377','60401018',X,''
'7048209010',S004,'800003254','60804001',X,''
'7048209010',S004,'800003261','60804001',X,''
'7048209010',S004,'800000717','60804001',X,''
'7048209010',S004,'800001820','60401018',X,''
'7048209010',S004,'800003250','60401018',X,''
'7048209010',S004,'800007397','60401018',X,''
'7048209010',S004,'800007397','60401018',X,X
'7048209010',S004,'800001931','60804001',X,''
'7048209010',S004,'800003262','60804001',X,''
'7048209010',S004,'800003262','60401018',X,''
'7048209010',S004,'800003262','60401018',X,X
'7048209010',S004,'800001855','60401018',X,X
'7048209010',S036,'800000717','60804001',X,''
'7048209010',S004,'800003306','60804001',X,''
'7048209010',S004,'800003306','60401018',X,X
'7048209010',S004,'800003306','60401018',X,''
'7048209010',S004,'800003306','91507998',X,''
'7048209010',S004,'800001821','60804001',X,''
'7048209010',S004,'800001855','60804001',X,''
'7048209010',S004,'800000717','60401018',X,''
'7048209010',S004,'800003261','60401099',X,''
'7048209010',S004,'800001820','60804001',X,''
'7048209010',S004,'800001820','60401018',X,X
'7048209010',S004,'800001820','60401018','',X
'7048209010',S004,'800003250','60401018',X,X
'7048209010',S004,'800003250','60401018','',X
'7048209010',S004,'800003254','60401018','',X
'7048209010',S004,'800003261','60401018','',X
'7048209010',S004,'800001855','60401018','',X
'7048209010',S004,'800003250','60804001',X,''
'7048209010',S004,'800007377','60804001',X,''
'7048209010',S004,'800003262','60401018','',X
'7048209010',S004,'800007377','60401099',X,''
'7048209010',S004,'800007377','60401018','',X
'7048209010',S004,'800007377','91507998',X,''
'7048209010',S004,'800001774','60401018',X,''
'7048209010',S004,'800007313','60401018',X,''
'7048209010',S004,'800007313','60401018',X,X
'7048209010',S004,'800007313','60804001',X,''
'7048209010',S004,'800007313','60401018','',X
'7048209010',S004,'800007313','60401099',X,''
'7048209010',S004,'800007313','91507998',X,''
'7048209010',S004,'800001821','60401018',X,''
'7048209010',S004,'800006184','60804001',X,''
'7048209010',S004,'800006184','60401018',X,X
'7048209010',S004,'800006184','60401099',X,''
'7048209010',S004,'800006184','60401018',X,''
'7048209010',S004,'800006184','60401018','',X
'7048209010',S004,'800006184','91507998',X,''
'7048209010',S004,'800007446','60804001',X,''
'7048209010',S004,'800007446','60401018',X,''
'7048209010',S004,'800007446','60401018',X,X
'7048209010',S004,'800007446','60401018','',X
'7048209010',S004,'800001828','60401018',X,''
'7048209010',S004,'800001828','60401018',X,X
'7048209010',S004,'800001821','60401018',X,X
'7048209010',S004,'800006282','60804001',X,''
'7048209010',S004,'800006282','60401018',X,X
'7048209010',S004,'800006282','60401018','',X
'7048209010',S004,'800006282','60401099',X,''
'7048209010',S004,'800006282','60401018',X,''
'7048209010',S004,'800006282','91507998',X,''
'7048209010',S004,'800001820','60401099',X,''
'7048209010',S004,'800003250','60401099',X,''
'7048209010',S004,'800001931','60401018',X,''
'7048209010',S004,'800003250','91507998',X,''
'7048209010',S004,'800001821','60401018','',X
'7048209010',S004,'800001821','91507998',X,''
'7048209010',S004,'800001821','60401099',X,''
'7048209010',S036,'800003254','60401018',X,''
'7048209010',S036,'800003261','60401018',X,''
'7048209010',S036,'800001820','60401018',X,''
'7048209010',S036,'800003250','60401018',X,''
'7048209010',S036,'800001773','60401018',X,''
'7048209010',S004,'800001773','60804001',X,''
'7048209010',S004,'800001774','60804001',X,''
'7048209010',S004,'800001774','60401018',X,X
'7048209010',S004,'800001820','91507998',X,''
'7048209010',S004,'800001774','60401018','',X
'7048209010',S036,'800001773','60804001',X,''
'7048209010',S036,'800003254','60804001',X,''
'7048209010',S036,'800003261','60804001',X,''
'7048209010',S036,'800001774','60804001',X,''
'7048209010',S036,'800001855','60804001',X,''
'7048209010',S004,'800001773','60401018',X,''
'7048209010',S004,'800001918','60804001',X,''
'7048209010',S004,'800001918','60401018',X,X
'7048209010',S004,'800001918','60401099',X,''
'7048209010',S004,'800001918','60401018',X,''
'7048209010',S004,'800001918','60401018','',X
'7048209010',S004,'800001918','91507998',X,''
'7048209010',S004,'800006185','60401018',X,X
'7048209010',S004,'800006185','60401018',X,''
'7048209010',S004,'800007611','60804001',X,''
'7048209010',S004,'800007611','60401018',X,''
'7048209010',S004,'800007611','91507998',X,''
'7048209010',S004,'800007611','60401018',X,X
'7048209010',S004,'800007611','60401099',X,''
'7048209010',S004,'800007611','60401018','',X
'7048209010',S004,'800007611','91507998',X,X
'7048209010',S004,'800002436','60804001',X,''
'7048209010',S004,'800002436','60401018',X,X
'7048209010',S004,'800002436','60401099',X,''
'7048209010',S004,'800002436','60401018',X,''
'7048209010',S004,'800002436','60401018','',X
'7048209010',S004,'800002436','91507998',X,''
'7048209010',S004,'800007312','60804001',X,''
'7048209010',S004,'800007312','60401018',X,X
'7048209010',S004,'800007312','60401099',X,''
'7048209010',S004,'800007312','60401018',X,''
'7048209010',S004,'800007312','60401018','',X
'7048209010',S004,'800007312','91507998',X,''
'7048209010',S004,'800003254','60401099',X,''
'7048209010',S004,'800001931','60401099',X,''
'7048209010',S004,'800001931','60401018','',X
'7048209010',S004,'800001931','60401018',X,X
'7048209010',S004,'800007790','60804001',X,''
'7048209010',S004,'800001931','91507998',X,''
'7048209010',S004,'800007556','60401018',X,''
'7048209010',S004,'800003262','91507998',X,''
'7048209010',S004,'800007447','60804001',X,''
'7048209010',S004,'800007447','60401018',X,''
'7048209010',S004,'800007447','60401018',X,X
'7048209010',S004,'800007447','60401099',X,''
'7048209010',S004,'800007447','60401018','',X
'7048209010',S004,'800007447','91507998',X,''
'7048209010',S004,'800006215','60804001',X,''
'7048209010',S004,'800006215','60401018',X,''
'7048209010',S004,'800006215','60401018',X,X
'7048209010',S004,'800006215','60401099',X,''
'7048209010',S004,'800006215','60401018','',X
'7048209010',S004,'800006215','91507998',X,''
'7048209010',S004,'800003262','60401099',X,''
'7048209010',S004,'800008830','60804001',X,''
'7048209010',S004,'800008830','60401018',X,X
'7048209010',S004,'800008830','60401018',X,''
'7048209010',S004,'800001855','60401099',X,''
'7048209010',S004,'800007790','60401018',X,''
'7048209010',S004,'800007790','60401018',X,X
'7048209010',S004,'800007790','60401018','',X
'7048209010',S036,'800001821','60804001',X,''
'7048209010',S036,'800001820','60804001',X,''
'7048209010',S004,'800001774','60401099',X,''
'7048209010',S004,'800007397','60401018','',X
'7048209010',S004,'800006185','60401018','',X
'7048209010',S004,'800006185','60804001',X,''
'7048209010',S004,'800008764','60401018',X,X
'7048209010',S004,'800008764','60401018',X,''
'7048209010',S004,'800003306','60401018','',X
'7048209010',S004,'800007397','60401099',X,''
'7048209010',S004,'800007555','60804001',X,''
'7048209010',S004,'800007555','60401018',X,''
'7048209010',S004,'800007555','60401018',X,X
'7048209010',S004,'800007555','60401018','',X
'7048209010',S004,'800007555','60401099',X,''
'7048209010',S004,'800007555','91507998',X,''
'7048209010',S004,'800008830','60401018','',X
'7048209010',S004,'800001773','60401018',X,X
'7048209010',S004,'800008765','60804001',X,''
'7048209010',S004,'800008765','60401018',X,''
'7048209010',S004,'800008765','60401018',X,X
'7048209010',S004,'800008765','60401018','',X
'7048209010',S004,'800008764','60401018','',X
'7048209010',S004,'800007662','60401018',X,''
'7048209010',S004,'800007662','60804001',X,''
'7048209010',S004,'800007662','60401018','',X
'7048209010',S004,'800007662','60401018',X,X
'7048209010',S004,'800008766','60401018',X,''
'7048209010',S004,'800008766','60804001',X,''
'7048209010',S004,'800008766','60401018','',X
'7048209010',S004,'800008766','60401018',X,X
'7048209010',S004,'800008768','60401018',X,''
'7048209010',S004,'800008768','60804001',X,''
'7048209010',S004,'800008768','60401018','',X
'7048209010',S004,'800008768','60401018',X,X
'7048209010',S004,'800008767','60401018',X,''
'7048209010',S004,'800008767','60804001',X,''
'7048209010',S004,'800008767','60401018','',X
'7048209010',S004,'800008767','60401018',X,X
'7048209010',S004,'800010284','60401018',X,X
'7048209010',S004,'800010284','60401018',X,''
'7048209010',S004,'800010651','60401018',X,''
'7048209010',S004,'800007446','60401099',X,''
'7048209010',S004,'800007446','91507998',X,''
'7048209010',S004,'800007662','60401099',X,''
'7048209010',S004,'800007662','91507998',X,''
'7048209010',S004,'800008766','60401099',X,''
'7048209010',S004,'800008766','91507998',X,''
'7048209010',S004,'800008767','60401099',X,''
'7048209010',S004,'800008767','91507998',X,''
'7048209010',S004,'800010651','60401018',X,X
'7048209010',S004,'800006185','91507998',X,''
'7048209010',S004,'800008765','60401099',X,''
'7048209010',S004,'800007501','60804001',X,''
'7048209010',S004,'800007501','60401018',X,''
'7048209010',S004,'800007501','60401018',X,X
'7048209010',S004,'800010284','91507998',X,''
'7048209010',S004,'800001828','60401018','',X
'7048209010',S004,'800007481','60401018',X,X
'7048209010',S004,'800007481','60401018',X,''
'7048209010',S004,'800007485','60401018',X,X
'7048209010',S004,'800007485','60401018',X,''
'7048209010',S004,'800007485','60401018','',X
'7048209010',S004,'800007397','60804001',X,''
'7048209010',S004,'800010571','60401018',X,''
'7048209010',S004,'800010571','60401018','',X
'7048209010',S004,'800010571','60401018',X,X
'7048209010',S001,'800008830','60804001',X,''
'7048209010',S001,'800008830','60401018',X,''
'7048209010',S001,'800008830','60401018','',X
'7048209010',S001,'800008830','60401018',X,X
'7048209010',S004,'800001774','91507998',X,''
'7048209010',S004,'800010571','60804001',X,''
'7048209010',S004,'800006662','60401018',X,''
'7048209010',S036,'800003262','60804001',X,''
'7048209010',S036,'800003262','60401018',X,''
'7048209010',S036,'800003262','60401018',X,X
'7048209010',S004,'800001290','60804001',X,''
'7048209010',S004,'800010284','60804001',X,''
'7048209010',S004,'800002131','60401018',X,''
'7048209010',S004,'800001776','60401018',X,''
'7048209010',S004,'800008769','60804001',X,''
'7048209010',S064,'800008560','91507998',X,''
'7048209010',S004,'800003371','60401018',X,''
'7048209010',S064,'800007478','91507998',X,''
'7048209010',S004,'800001773','91507998',X,''
'7048209010',S004,'800008769','60401018',X,''
'7048209010',S004,'800001828','60804001',X,''
'7048209010',S004,'800001828','91507998',X,''
'7048209010',S004,'800007477','60804001',X,''
'7048209010',S004,'800007397','91507998',X,''
'7048209010',S004,'800000717','60401018',X,X
'7048209010',S004,'800000717','60401018','',X
'7048209010',S004,'800001773','60401018','',X
'7048209010',S004,'800010284','60401018','',X
'7048209010',S004,'800007467','91507998',X,''
'7048209010',S004,'800007467','60804001',X,''
'7048209010',S004,'800007467','60401018',X,''
'7048209010',S004,'800007467','60401018','',X
'7048209010',S004,'800007467','60401018',X,X
'7048209010',S004,'800001290','60401018',X,''
'7048209010',S004,'800007477','60401018',X,''
'7048209010',S004,'800007477','60401018',X,X
'7048209010',S004,'800007477','60401018','',X
'7048209010',S064,'800008172','60804001',X,''
'7048209010',S004,'800001776','60804001',X,''
'7048209010',S004,'800001773','60401109',X,''
'7048209010',S004,'800006330','60401018',X,''
'7048209010',S004,'800006330','60401018','',X
'7048209010',S004,'800000717','60401109',X,''
'7048209010',S004,'800001290','60401109',X,''
'7048209010',S036,'800001821','60401018',X,''
'7048209010',S038,'800007446','60804001',X,''
'7048209010',S038,'800007446','60401018',X,''
'7048209010',S038,'800007446','60401018',X,X
'7048209010',S038,'800007446','60401018','',X
'7048209010',S004,'800002131','60804001',X,''
'7048209010',S036,'800001773','60401018','',X
'7048209010',S004,'800008764','60804001',X,''
'7048209010',S005,'800007377','60804001',X,''
'7048209010',S005,'800007377','60401018',X,''
'7048209010',S005,'800007377','60401018','',X
'7048209010',S005,'800007377','60401018',X,X
'7048209010',S005,'800007377','91507998',X,''
'7048209010',S005,'800007312','60804001',X,''
'7048209010',S005,'800007312','60401018',X,''
'7048209010',S005,'800007312','60401018','',X
'7048209010',S005,'800007312','60401018',X,X
'7048209010',S005,'800007312','91507998',X,''
'7048209010',S005,'800007313','60804001',X,''
'7048209010',S005,'800007313','60401018',X,''
'7048209010',S005,'800007313','60401018','',X
'7048209010',S005,'800007313','60401018',X,X
'7048209010',S005,'800007313','91507998',X,''
'7048209010',S004,'800001290','60401018',X,X
'7048209010',S004,'800001290','60401018','',X
'7048209010',S004,'800007600','60804001',X,''
'7048209010',S004,'800007600','60401018',X,''
'7048209010',S004,'800007600','60401018','',X
'7048209010',S004,'800007600','60401018',X,X
'7048209010',S004,'800009542','60401018',X,X
'7048209010',S004,'800009542','60401018','',X
'7048209010',S004,'800009542','60401018',X,''
'7048209010',S004,'800008769','60401018','',X
'7048209010',S079,'800006759','60804001',X,''
'7048209010',S004,'800010588','60401018',X,''
'7048209010',S004,'800010583','60804001',X,''
'7048209010',S004,'800010586','60401018',X,''
'7048209010',S004,'800010584','60401018',X,''
'7048209010',S004,'800010586','60804001',X,''
'7048209010',S004,'800010588','60804001',X,''
'7048209010',S004,'800010589','60804001',X,''
'7048209010',S004,'800010584','60804001',X,''
'7048209010',S004,'800010583','60401018',X,''
'7048209010',S004,'800010583','60401018',X,X
'7048209010',S004,'800010589','60401018',X,''
'7048209010',S004,'800006662','60804001',X,''
'7048209010',S004,'800006662','60401018','',X
'7048209010',S004,'800006330','60804001',X,''
'7048209010',S004,'800010651','60401018','',X
'7048209010',S004,'800010588','60401018','',X
'7048209010',S004,'800010583','60401018','',X
'7048209010',S004,'800006662','60401018',X,X
'7048209010',S004,'800010586','60401018','',X
'7048209010',S004,'800010588','60401018',X,X
'7048209010',S004,'800010589','60401018',X,X
'7048209010',S004,'800010586','60401018',X,X
'7048209010',S004,'800010588','91507998',X,''
'7048209010',S004,'800010589','91507998',X,''
'7048209010',S004,'800010586','91507998',X,''
'7048209010',S004,'800010589','60401018','',X
'7048209010',S004,'800010584','60401018',X,X
'7048209010',S004,'800007377','60401109',X,''
'7048209010',S004,'800010584','91507998',X,''
'7048209010',S004,'800010584','60401018','',X
'7048209010',S004,'800008830','91507998',X,''
'7048209010',S004,'800006330','60401018',X,X
'7048209010',S036,'800001774','60401018',X,''
'7048209010',S036,'800007397','60401018',X,''
'7048209010',S004,'800006287','60401018',X,''
'7048209010',S004,'800008769','60401018',X,X
'7048209010',S004,'800007556','60401018','',X
'7048209010',S004,'800007556','60401018',X,X
'7048209010',S004,'800007554','60401018','',X
'7048209010',S004,'800007554','60401018',X,''
'7048209010',S004,'800007554','60401018',X,X
'7048209010',S004,'800006662','91507998',X,''
'7048209010',S004,'800003371','60401018','',X
'7048209010',S004,'800007556','60804001',X,''
'7048209010',S004,'800007554','60804001',X,''
'7048209010',S036,'800003250','60804001',X,''
'7048209010',S036,'800007397','60804001',X,''
'7048209010',S004,'800006330','91507998',X,''
'7048209010',S004,'800007556','91507998',X,''
'7048209010',S004,'800007554','91507998',X,''
'7048209010',S004,'800007644','60401018',X,''
'7048209010',S004,'800007501','60401018','',X
'7048209010',S036,'800007313','60804001',X,''
'7048209010',S036,'800007313','60401018',X,''
'7048209010',S036,'800007313','60401018','',X
'7048209010',S036,'800007313','60401018',X,X
'7048209010',S036,'800007313','91507998',X,''
'7048209010',S036,'800007312','60804001',X,''
'7048209010',S036,'800007312','60401018',X,''
'7048209010',S036,'800007312','60401018','',X
'7048209010',S036,'800007312','60401018',X,X
'7048209010',S036,'800007312','91507998',X,''
'7048209010',S036,'800001828','60401018',X,''
'7048209010',S036,'800001855','60401018',X,''
'7048209010',S004,'800003371','60401018',X,X
'7048209010',S004,'800010583','91507998',X,''
'7048209010',S079,'800007397','60804001',X,''
'7048209010',S036,'800010740','60401018',X,''
'7048209010',S036,'800010740','60401018','',X
'7048209010',S004,'800008765','91507998',X,''
'7048209010',S004,'800007267','60401018',X,''
'7048209010',S004,'800007267','60401018',X,X
'7048209010',S004,'800007267','60401018','',X
'7048209010',S004,'800010589','60401099',X,''
'7048209010',S004,'800010588','60401099',X,''
'7048209010',S004,'800002131','60401018','',X
'7048209010',S004,'800002131','60401018',X,X
'7048209010',S004,'800011140','60401018',X,''
'7048209010',S004,'800008768','60401099',X,''
'7048209010',S004,'800008768','91507998',X,''
'7048209010',S036,'800007662','60804001',X,''
'7048209010',S036,'800007662','60401018',X,''
'7048209010',S036,'800007662','60401018','',X
'7048209010',S001,'800007312','60804001',X,''
'7048209010',S001,'800007312','60401018',X,''
'7048209010',S001,'800007312','60401018','',X
'7048209010',S001,'800007312','60401018',X,X
'7048209010',S001,'800007313','60804001',X,''
'7048209010',S001,'800007313','60401018',X,''
'7048209010',S001,'800007313','60401018','',X
'7048209010',S001,'800007313','60401018',X,X
'7048209010',S004,'800007721','60401018',X,''
'7048209010',S004,'800007761','60804001',X,''
'7048209010',S004,'800007761','60401018','',X
'7048209010',S004,'800007761','60401018',X,''
'7048209010',S004,'800007761','60401018',X,X
'7048209010',S036,'800007397','60401018','',X
'7048209010',S036,'800003261','60401018','',X
'7048209010',S036,'800003254','60401018','',X
'7048209010',S036,'800003250','60401018','',X
'7048209010',S036,'800001774','60401018','',X
'7048209010',S004,'800001773','60401099',X,''
'7048209010',S004,'800006286','60401018',X,''
'7048209010',S004,'800006286','60401018','',X
'7048209010',S004,'800000712','60401018',X,''
'7048209010',S004,'800000712','60401018','',X
'7048209010',S004,'800006285','60401018',X,''
'7048209010',S004,'800006285','60401018',X,X
'7048209010',S004,'800007477','91507998',X,''
'7048209010',S001,'800007377','60804001',X,''
'7048209010',S001,'800007377','60401018',X,X
'7048209010',S001,'800007377','60401018',X,''
'7048209010',S001,'800007377','60401018','',X
'7048209010',S004,'800007267','60804001',X,''
'7048209010',S079,'800001855','60804001',X,''
'7048209010',S079,'800001821','60804001',X,''
'7048209010',S004,'800006662','60401099',X,''
'7048209010',S076,'800001821','91507998',X,''
'7048209010',S076,'800001821','60804001',X,''
'7048209010',S076,'800001821','60401018',X,''
'7048209010',S079,'800001931','60804001',X,''
'7048209010',S004,'800008832','60804001',X,''
'7048209010',S001,'800007377','91507998',X,''
'7048209010',S001,'800007312','91507998',X,''
'7048209010',S001,'800007313','91507998',X,''
'7048209010',S004,'800010272','60401018',X,''
'7048209010',S004,'800010272','60401018',X,X
'7048209010',S004,'800007489','60401018',X,X
'7048209010',S004,'800007489','60401018',X,''
'7048209010',S004,'800007481','60804001',X,''
'7048209010',S004,'800007313','60401109',X,''
'7048209010',S004,'800007312','60401109',X,''
'7048209010',S004,'800008831','60804001',X,''
'7048209010',S004,'800008831','60401018',X,X
'7048209010',S004,'800008831','60401018',X,''
'7048209010',S004,'800009391','60804001',X,''
'7048209010',S004,'800010281','60401018',X,''
'7048209010',S004,'800008832','60401018',X,''
'7048209010',S004,'800007501','91507998',X,''
'7048209010',S004,'800009452','60401018',X,''
'7048209010',S004,'800007644','60804001',X,''
'7048209010',S005,'800002436','60401018',X,''
'7048209010',S005,'800002436','60401018',X,X
'7048209010',S004,'800008764','91507998',X,''
'7048209010',S004,'800006183','60401099',X,''
'7048209010',S004,'800006183','60401018',X,X
'7048209010',S004,'800006183','60401018',X,''
'7048209010',S004,'800010272','60401018','',X
'7048209010',S004,'800010272','60804001',X,''
'7048209010',S004,'800006183','60804001',X,''
'7048209010',S004,'800006183','60401018','',X
'7048209010',S001,'800007377','60401109',X,''
'7048209010',S001,'800007313','60401109',X,''
'7048209010',S001,'800008769','60804001',X,''
'7048209010',S001,'800008769','60401018',X,X
'7048209010',S001,'800008769','60401018',X,''
'7048209010',S001,'800008769','60401018','',X
'7048209010',S001,'800009391','60804001',X,''
'7048209010',S001,'800009391','60401018',X,X
'7048209010',S001,'800009391','60401018',X,''
'7048209010',S001,'800009391','60401018','',X
'7048209010',S001,'800008767','60804001',X,''
'7048209010',S001,'800008767','60401018',X,X
'7048209010',S001,'800008767','60401018',X,''
'7048209010',S001,'800008767','60401018','',X
'7048209010',S001,'800008768','60804001',X,''
'7048209010',S001,'800008768','60401018',X,''
'7048209010',S001,'800008768','60401018',X,X
'7048209010',S001,'800008768','60401018','',X
'7048209010',S001,'800008766','60401018',X,X
'7048209010',S001,'800008766','60401018',X,''
'7048209010',S004,'800007644','60401018',X,X
'7048209010',S004,'800007461','60804001',X,''
'7048209010',S004,'800007461','60401018',X,''
'7048209010',S001,'800008766','60804001',X,''
'7048209010',S004,'800010901','60401018',X,''
'7048209010',S004,'800010901','60804001',X,''
'7048209010',S064,'800005015','60401018',X,''
'7048209010',S064,'800005015','60401018',X,X
'7048209010',S064,'800001931','60401018',X,''
'7048209010',S064,'800001931','60401018',X,X
'7048209010',S005,'800001290','60804001',X,''
'7048209010',S005,'800001290','60401018',X,''
'7048209010',S005,'800001290','60401018','',X
'7048209010',S005,'800001290','60401018',X,X
'7048209010',S005,'800000717','60804001',X,''
'7048209010',S005,'800000717','60401018',X,''
'7048209010',S005,'800000717','60401018','',X
'7048209010',S005,'800000717','60401018',X,X
'7048209010',S036,'800001821','60401018','',X
'7048209010',S036,'800001821','60401018',X,X
'7048209010',S036,'800001821','91507998',X,''
'7048209010',S004,'800008764','60401109',X,''
'7048209010',S004,'800000717','91507998',X,''
'7048209010',S004,'800001290','91507998',X,''
'7048209010',S004,'800001821','60404999',X,''
'7048209010',S001,'800007477','60804001',X,''
'7048209010',S001,'800007477','60401018',X,''
'7048209010',S001,'800007477','60401018',X,X
'7048209010',S036,'800001855','60401018',X,X
'7048209010',S036,'800001855','60401018','',X
'7048209010',S004,'800009391','60401018',X,''
'7048209010',S004,'800009391','60401018',X,X
'7048209010',S004,'800009391','60401018','',X
'7048209010',S036,'800001828','60804001',X,''
'7048209010',S004,'800007447','60401109',X,''
'7048209010',S004,'800008765','60401109',X,''
'7048209010',S004,'800002436','60401109',X,''
'7048209010',S004,'800001823','60804001',X,''
'7048209010',S004,'800007481','60401018','',X
'7048209010',S004,'800008764','60401099',X,''
'7048209010',S004,'800008831','60401018','',X
'7048209010',S004,'800010281','60804001',X,''
'7048209010',S004,'800007556','60401099',X,''
'7048209010',S004,'800009542','60804001',X,''
'7048209010',S064,'800001855','60401018','',X
'7048209010',S064,'800001855','60401018',X,X
'7048209010',S064,'800001855','60401018',X,''
'7048209010',S064,'800003254','60401018','',X
'7048209010',S064,'800003254','60401018',X,X
'7048209010',S064,'800003254','60401018',X,''
'7048209010',S064,'800003261','60401018','',X
'7048209010',S064,'800003261','60401018',X,X
'7048209010',S064,'800003261','60401018',X,''
'7048209010',S001,'800007477','60401018','',X
'7048209010',S064,'800001774','60804001',X,''
'7048209010',S064,'800001774','60401018',X,''
'7048209010',S004,'800005581','60401018',X,''
'7048209010',S004,'800005010','60804001',X,''
'7048209010',S004,'800005010','60401018',X,''
'7048209010',S004,'800005010','60401018',X,X
'7048209010',S001,'800007477','60401099',X,''
'7048209010',S001,'800007477','60401109',X,''
'7048209010',S064,'800005015','60401018','',X
'7048209010',S004,'800009631','60804001',X,''
'7048209010',S004,'800009631','60401018',X,''
'7048209010',S004,'800009631','60401018','',X
'7048209010',S004,'800009631','60401018',X,X
'7048209010',S036,'800001773','60401018',X,X
'7048209010',S036,'800001773','91507998',X,''
'7048209010',S001,'800007447','60804001',X,''
'7048209010',S001,'800007447','60401018',X,''
'7048209010',S001,'800007447','60401018',X,X
'7048209010',S001,'800007447','60401018','',X
'7048209010',S004,'800001823','60401018',X,X
'7048209010',S004,'800001823','60401018',X,''
'7048209010',S036,'800001931','60401018',X,''
'7048209010',S001,'800008766','60401018','',X
'7048209010',S005,'800002436','91507998',X,''
'7048209010',S005,'800002436','60804001',X,''
'7048209010',S005,'800002436','60401018','',X
'7048414960',S036,'800007361','60804001',X,''
'7048414960',S036,'800002266','60401018',X,''
'7048414960',S036,'800002266','60804001',X,''
'7048414960',S036,'800002266','60401018',X,X
'7048414960',S036,'800002266','61908996','',X
'7048414960',S036,'800005014','60401018',X,''
'7048414960',S036,'800005014','60401018',X,X
'7048414960',S036,'800006391','60401018',X,X
'7048414960',S036,'800006391','60401018',X,''
'7048414960',S036,'800007361','60401018',X,X
'7048414960',S036,'800007361','60401018',X,''
'7048414960',S036,'800006391','60804001',X,''
'7048414960',S036,'800007317','60804001',X,''
'7048414960',S036,'800007317','60401018',X,''
'7048414960',S036,'800007317','60401018',X,X
'7048414960',S036,'800007317','60401018','',X
'7048414960',S036,'800002266','60401018','',X
'7048414960',S036,'800007720','60804001',X,''
'7048414960',S036,'800005014','60804001',X,''
'7048414960',S004,'800005014','60401018',X,''
'7048414960',S004,'800007361','60804001',X,''
'7048414960',S036,'800007317','61908996','',X
'7048414960',S036,'800007465','60804001',X,''
'7048414960',S036,'800007465','60401018',X,''
'7048414960',S036,'800007465','60401018',X,X
'7048414960',S036,'800007465','60401018','',X
'7048414960',S004,'800005014','60804001',X,''
'7048414960',S036,'800006391','61908996','',X
'7048414960',S036,'800006391','60401018','',X
'7048414960',S036,'800006391','60401099',X,''
'7048414960',S036,'800006391','91507998',X,''
'7048414960',S036,'800007740','60804001',X,''
'7048414960',S036,'800007361','60401018','',X
'7048414960',S036,'800007720','60401018',X,''
'7048414960',S036,'800007720','60401018',X,X
'7048414960',S004,'800007317','60804001',X,''
'7048414960',S036,'800007317','60401099',X,''
'7048414960',S036,'800007317','91507998',X,''
'7048414960',S036,'800002266','60401099',X,''
'7048414960',S036,'800007720','61908996','',X
'7048414960',S036,'800010710','60401018',X,''
'7048414960',S036,'800010710','60401018',X,X
'7048414960',S004,'800007317','60401018',X,''
'7048414960',S004,'800007317','60401018',X,X
'7048414960',S004,'800007317','60401018','',X
'7048414960',S004,'800007317','61908996','',X
'7048414960',S004,'800007317','60401099',X,''
'7048414960',S036,'800007361','61908996','',X
'7048414960',S036,'800003662','60804001',X,''
'7048414960',S036,'800007361','91507998',X,''
'7048414960',S036,'800010711','60804001',X,''
'7048414960',S036,'800002266','91507998',X,''
'7048414960',S038,'800007361','60401018',X,X
'7048414960',S038,'800007361','60401018',X,''
'7048414960',S038,'800007361','60804001',X,''
'7048414960',S025,'800002266','61908996','',X
'7048414960',S025,'800002266','60804001',X,''
'7048414960',S025,'800002266','60401018',X,''
'7048414960',S025,'800002266','60401018',X,X
'7048414960',S025,'800002266','60401018','',X
'7048414960',S036,'800007515','91507998',X,''
'7048414960',S036,'800007515','60804001',X,''
'7048414960',S036,'800007515','60401018',X,''
'7048414960',S036,'800007515','60401018','',X
'7048414960',S036,'800007515','60401018',X,X
'7048414960',S025,'800002266','91507998',X,''
'7048414960',S036,'800010710','60401018','',X
'7048414960',S001,'800007317','60401018',X,''
'7048414960',S004,'800010711','60401018','',X
'7048414960',S004,'800010711','60401018',X,''
'7048414960',S004,'800010711','60804001',X,''
'7048414960',S036,'800010711','60401018',X,''
'7048414960',S038,'800007317','60804001',X,''
'7048414960',S038,'800007317','60401018',X,''
'7048414960',S038,'800007317','60401018',X,X
'7048414960',S038,'800007317','60401018','',X
'7048414960',S036,'800009900','60804001',X,''
'7048414960',S079,'800010711','60804001',X,''
'7048414960',S036,'800006778','60401018','',X
'7048414960',S036,'800006778','60401018',X,''
'7048414960',S036,'800007319','60401018',X,X
'7048414960',S036,'800007319','60401018',X,''
'7048414960',S036,'800007259','60401018',X,''
'7048414960',S036,'800007259','60401018','',X
'7048414960',S036,'800007259','60804001',X,''
'7048414960',S036,'800007537','60804001',X,''
'7048414960',S036,'800007537','60401018',X,''
'7048414960',S036,'800007537','60401018','',X
'7048414960',S036,'800007537','60401018',X,X
'7048414960',S036,'800007537','91507998',X,''
'7048414960',S036,'800007539','60804001',X,''
'7048414960',S036,'800007539','60401018','',X
'7048414960',S036,'800007539','60401018',X,''
'7048414960',S036,'800007539','60401018',X,X
'7048414960',S001,'800002266','60804001',X,''
'7048414960',S036,'800007476','60804001',X,''
'7048414960',S036,'800007319','60804001',X,''
'7048414960',S079,'800003662','60804001',X,''
'7048414960',S036,'800008502','60401018',X,X
'7048414960',S036,'800008502','60401018',X,''
'7048414960',S036,'800008502','60401018','',X
'7048414960',S036,'800007259','60401018',X,X
'7048414960',S036,'800007319','60401018','',X
'7048414960',S036,'800007534','60401109',X,''
'7048414960',S036,'800007476','60401018',X,''
'7048414960',S036,'800007476','60401018',X,X
'7048414960',S036,'800004230','61908996','',X
'7048414960',S036,'800004230','60401018',X,''
'7048414960',S036,'800004230','60401018',X,X
'7048414960',S036,'800005001','60401018',X,''
'7048414960',S036,'800007476','60401018','',X
'7048414960',S036,'800007720','91507998',X,''
'7048414960',S036,'800006050','60804001',X,''
'7048414960',S036,'800006050','60401018',X,''
'7048414960',S036,'800006050','60401018',X,X
'7048414960',S036,'800005014','60401018','',X
'7048414960',S001,'800007317','60804001',X,''
'7048414960',S001,'800007317','60401018',X,X
'7048414960',S001,'800007317','60401018','',X
'7048414960',S004,'800003662','60401018',X,''
'7048414960',S036,'800005014','61908996','',X
'7048414960',S001,'800007317','61908996','',X
'7048414960',S036,'800007539','91507998',X,''
'7048414960',S036,'800007259','61908996','',X
'7048414960',S036,'800006778','60804001',X,''
'7048414960',S001,'800007317','91507998',X,''
'7048414960',S036,'800007476','61908996','',X
'7048414960',S079,'800005014','60804001',X,''
'7048414960',S036,'800007466','60804001',X,''
'7048414960',S036,'800007466','60401018',X,X
'7048414960',S036,'800007466','60401018',X,''
'7048414960',S036,'800007466','60401018','',X
'7048414960',S004,'800007466','60804001',X,''
'7048414960',S004,'800007466','60401018',X,''
'7048414960',S004,'800007466','60401018','',X
'7048414960',S004,'800007466','60401018',X,X
'7047504020',S001,'800003300','61907996','',''
'7047504020',S001,'800000599','61907996','',''
'7047504020',S001,'800007338','61907996','',''
'7047504020',S001,'800007315','61907996','',''
'7047504020',S001,'800007258','61907996','',''
'7047504020',S001,'800000706','61907996','',''
'7047504020',S001,'800007535','61907996','',''
'7047504020',S001,'800007310','61907996','',''
'7047504020',S001,'800008022','61907996','',''
'7047504020',S001,'800007336','61907996','',''
'7047504020',S001,'800007311','61907996','',''
'7047504020',S001,'800007626','61907996','',''
'7047504020',S001,'800007627','61907996','',''
'7047504020',S001,'800007318','61907996','',''
'7047504020',S001,'800003296','61907996','',''
'7047504020',S001,'800010243','61907996','',''
'7047504020',S001,'800010242','61907996','',''
'7047504020',S001,'800007629','61907996','',''
'7047504020',S001,'800007335','61907996','',''
'7047504020',S001,'800003301','61907996','',''
'7047504020',S036,'800008022','61907996','',''
'7047504020',S001,'800003299','61907996','',''
'7047504020',S001,'800003297','61907996','',''
'7047504020',S005,'800007315','61907996','',''
'7047504020',S004,'800007535','61907996','',''
'7047504020',S004,'800007336','61907996','',''
'7047504020',S004,'800008022','61907996','',''
'7047504020',S004,'800007318','61907996','',''
'7047504020',S004,'800007311','61907996','',''
'7047504020',S004,'800007310','61907996','',''
'7048406020',S012,'800006222','','',''
'7048406020',S012,'800006222','61907996','',''
'7048406020',S012,'800006222','62001M01','',''
'7048406020',S012,'800006222','60804001','',''
'7048406020',S012,'800006221','60401018','',''
'7048406020',S012,'800006981','60401018','',''
'7048406020',S012,'800006221','61907996','',''
'7048406020',S012,'800010851','60401018','',''
'7048406020',S012,'800010850','60401018','',''
'7048406020',S012,'800010852','','',''
'7048406020',S012,'800010855','','',''
'7048406020',S012,'800010852','60401018','',''
'7048406020',S012,'800010852','61907996','',''
'7048406020',S012,'800010855','60404999','',''
'7048406020',S012,'800010855','61907996','',''
'7048406020',S012,'800010851','61907996','',''
'7048406020',S012,'800010851','','',''
'7048406020',S012,'800006222','60401018','',''
'7048406020',S012,'800006222','60404999','',''
'7048406020',S012,'800006221','62001M01','',''
'7048406020',S012,'800006221','60404999','',''
,Класс услуги,Услуга,Класс ОС,Признак "Использование в основной деятельности",Признак "Способ использования"
,S079,'800007547','60804001',X,''
,S079,'800007543','60804001',X,''
,S079,'800007545','60804001',X,''
,S079,'800007541','60804001',X,''
,S079,'800007546','60804001',X,''
,S079,'800007548','60804001',X,''
,S079,'800010274','60804001',X,''
,S004,'800007545','60804001',X,''
,S004,'800007547','60804001',X,''
,S004,'800007548','60804001',X,''
,S004,'800007543','60804001',X,''
,S004,'800007541','60804001',X,''
,S004,'800007546','60804001',X,''
,S079,'800007542','60804001',X,''
,S079,'800007549','60804001',X,''
,S079,'800007550','60804001',X,''
,S036,'800007543','60804001',X,''
,S079,'800007552','60804001',X,''
,S036,'800007547','60804001',X,''
,S036,'800007548','60804001',X,''
,S036,'800007541','60804001',X,''
,S079,'800007544','60804001',X,''
,S036,'800007546','60804001',X,''
,S079,'800010470','60804001',X,''
,S036,'800007545','60804001',X,''
,S004,'800007549','60804001',X,''
,S079,'800011151','60804001',X,''
,S036,'800007549','60804001',X,''
,S070,'800007549','60804001',X,''
,S036,'800010470','60804001',X,''
Счет главной книги,Класс услуги,Услуга,Класс ОС,Признак "Использование в основной деятельности",Признак "Способ использования"
'7047504010',S001,'800003300','61908996','',X
'7047504010',S001,'800007338','61908996','',X
'7047504010',S001,'800007315','61908996','',X
'7047504010',S001,'800007311','61908996','',X
'7047504010',S001,'800007258','61908996','',X
'7047504010',S001,'800000706','61908996','',X
'7047504010',S001,'800000599','61908996','',X
'7047504010',S001,'800000023','61908996','',X
'7047504010',S001,'800008022','61908996','',X
'7047504010',S001,'800007318','61908996','',X
'7047504010',S001,'800007626','61908996','',X
'7047504010',S001,'800007631','61908996','',X
'7047504010',S001,'800007310','61908996','',X
'7047504010',S001,'800003301','61908996','',X
'7047504010',S004,'800008022','61908996','',X
'7047504010',S004,'800007318','61908996','',X
'7047504010',S004,'800007315','61908996','',X
'7047504010',S001,'800007535','61908996','',X
'7047504010',S001,'800003296','61908996','',X
'7047504010',S001,'800007335','61908996','',X
'7047504010',S001,'800007336','61908996','',X
'7047504010',S063,'800007299','61908996','',X
'7047504010',S036,'800008022','61908996','',X
'7047504010',S001,'800006393','61908996','',X
'7047504010',S001,'800007629','61908996','',X
'7047504010',S005,'800007315','61908996','',X
'7047504010',S005,'800008022','61908996','',X
'7047504010',S036,'800007315','61908996','',X
'7047504010',S001,'800003299','61908996','',X
'7047504010',S001,'800003297','61908996','',X
'7047504010',S001,'800010110','61908996','',X
'7047504010',S001,'800007339','61908996','',X
Счет главной книги,Класс услуги,Услуга,Класс ОС,Признак "Использование в основной деятельности",Признак "Способ использования"
'7048406010',S012,'800006222','60401018',X,''
'7048406010',S012,'800006222','60804001',X,''
'7048406010',S012,'800006222','60401018',X,X
'7048406010',S012,'800006222','91507998',X,''
'7048406010',S012,'800006222','60401099',X,''
'7048406010',S012,'800006222','60401018','',X
'7048406010',S012,'800006222','61908996','',X
'7048406010',S012,'800006221','60401018',X,X
'7048406010',S012,'800006221','60401018',X,''
'7048406010',S012,'800006221','60804001',X,''
'7048406010',S012,'800006981','60401018',X,''
'7048406010',S012,'800006981','60401018',X,X
'7048406010',S012,'800006981','60804001',X,''
'7048406010',S012,'800006221','60401018','',X
'7048406010',S012,'800007417','60804001',X,''
'7048406010',S012,'800007417','60401018',X,''
'7048406010',S012,'800007416','60804001',X,''
'7048406010',S012,'800006221','61908996','',X
'7048406010',S012,'800010852','60804001',X,''
'7048406010',S012,'800010852','60401018',X,''
'7048406010',S012,'800010850','60804001',X,''
'7048406010',S012,'800010851','60401018',X,''
'7048406010',S012,'800010851','60401018',X,X
'7048406010',S012,'800010851','60804001',X,''
'7048406010',S012,'800010850','60401018',X,''
'7048406010',S012,'800010850','60401018',X,X
'7048406010',S012,'800010851','60401018','',X
'7048406010',S012,'800010850','60401018','',X
'7048406010',S012,'800010852','60401018','',X
'7048406010',S012,'800010852','60401018',X,X
'7048406010',S012,'800010855','60804001',X,''
'7048406010',S012,'800010855','60401018',X,''
'7048406010',S012,'800010855','60401018',X,X
'7048406010',S012,'800010855','60401018','',X
'7048406010',S012,'800010855','60401099',X,''
'7048406010',S012,'800010855','91507998',X,''
'7048406010',S012,'800010855','61908996','',X
'7048406010',S012,'800010852','91507998',X,''
'7048406010',S012,'800010852','61908996','',X
'7048406010',S012,'800010851','61908996','',X
'7048406010',S005,'800006222','60401018',X,''
'7048406010',S005,'800006222','60401018',X,X
Счет главной книги,Класс услуги,Услуга,Класс ОС,Признак "Использование в основной деятельности",Признак "Способ использования"
'7047505010',S004,'800003254','61908996','',X
'7047505010',S004,'800003261','61908996','',X
'7047505010',S004,'800003306','61908996','',X
'7047505010',S004,'800007377','61908996','',X
'7047505010',S004,'800003262','61908996','',X
'7047505010',S004,'800007313','61908996','',X
'7047505010',S004,'800001820','61908996','',X
'7047505010',S004,'800006184','61908996','',X
'7047505010',S004,'800001855','61908996','',X
'7047505010',S004,'800006282','61908996','',X
'7047505010',S004,'800001821','61908996','',X
'7047505010',S004,'800003250','61908996','',X
'7047505010',S004,'800001918','61908996','',X
'7047505010',S004,'800007611','61908996','',X
'7047505010',S004,'800007312','61908996','',X
'7047505010',S064,'800005015','61908996','',X
'7047505010',S004,'800001931','61908996','',X
'7047505010',S004,'800001774','61908996','',X
'7047505010',S004,'800007447','61908996','',X
'7047505010',S004,'800006215','61908996','',X
'7047505010',S064,'800005010','61908996','',X
'7047505010',S004,'800007446','61908996','',X
'7047505010',S004,'800007555','61908996','',X
'7047505010',S004,'800007662','61908996','',X
'7047505010',S004,'800008766','61908996','',X
'7047505010',S004,'800008768','61908996','',X
'7047505010',S004,'800008767','61908996','',X
'7047505010',S004,'800010284','61908996','',X
'7047505010',S004,'800002436','61908996','',X
'7047505010',S004,'800006185','61908996','',X
'7047505010',S004,'800007481','61908996','',X
'7047505010',S004,'800007397','61908996','',X
'7047505010',S064,'800008560','61908996','',X
'7047505010',S064,'800007478','61908996','',X
'7047505010',S004,'800000717','61908996','',X
'7047505010',S004,'800001773','61908996','',X
'7047505010',S004,'800006330','61908996','',X
'7047505010',S004,'800001290','61908996','',X
'7047505010',S004,'800001828','61908996','',X
'7047505010',S004,'800006662','61908996','',X
'7047505010',S004,'800010651','61908996','',X
'7047505010',S004,'800010588','61908996','',X
'7047505010',S004,'800010589','61908996','',X
'7047505010',S004,'800010586','61908996','',X
'7047505010',S004,'800007556','61908996','',X
'7047505010',S004,'800007554','61908996','',X
'7047505010',S004,'800008765','61908996','',X
'7047505010',S004,'800010584','61908996','',X
'7047505010',S004,'800010583','61908996','',X
'7047505010',S036,'800007662','61908996','',X
'7047505010',S064,'800007393','61908996','',X
'7047505010',S004,'800007467','61908996','',X
'7047505010',S004,'800006286','61908996','',X
'7047505010',S004,'800000712','61908996','',X
'7047505010',S004,'800007477','61908996','',X
'7047505010',S001,'800007377','61908996','',X
'7047505010',S001,'800007312','61908996','',X
'7047505010',S001,'800007313','61908996','',X
'7047505010',S004,'800007501','61908996','',X
'7047505010',S005,'800007313','61908996','',X
'7047505010',S005,'800007312','61908996','',X
'7047505010',S005,'800007377','61908996','',X
'7047505010',S004,'800008764','61908996','',X
'7047505010',S064,'800001931','61908996','',X
'7047505010',S005,'800001290','61908996','',X
'7047505010',S005,'800000717','61908996','',X
'7047505010',S004,'800005010','61908996','',X
'7047505010',S064,'800005005','61908996','',X
'7047505010',S064,'800005011','61908996','',X
'7047505010',S064,'800005581','61908996','',X
'7047505010',S064,'800005012','61908996','',X
'7047505010',S004,'800009391','61908996','',X
'7047505010',S004,'800005015','61908996','',X
'7047505010',S064,'800006750','61908996','',X
'7047505010',S004,'800005581','61908996','',X
'7047505010',S001,'800007477','61908996','',X
'7047505010',S001,'800007447','61908996','',X
'7047505010',S005,'800002436','61908996','',X
'7047505010',S004,'800008830','61908996','',X
Счет главной книги,Класс услуги,Услуга,Класс ОС,Признак "Использование в основной деятельности",Признак "Способ использования"
'7048209020',S004,'800006662','60401018','',''
'7048209020',S004,'800003306','','',''
'7048209020',S004,'800003254','','',''
'7048209020',S004,'800003261','','',''
'7048209020',S004,'800003262','','',''
'7048209020',S004,'800007377','','',''
'7048209020',S004,'800001855','','',''
'7048209020',S004,'800007313','','',''
'7048209020',S004,'800006184','','',''
'7048209020',S004,'800007446','','',''
'7048209020',S004,'800001828','60401018','',''
'7048209020',S004,'800001828','','',''
'7048209020',S004,'800006282','','',''
'7048209020',S004,'800001820','','',''
'7048209020',S004,'800003250','','',''
'7048209020',S036,'800003254','','',''
'7048209020',S036,'800003261','','',''
'7048209020',S036,'800001820','','',''
'7048209020',S036,'800003250','','',''
'7048209020',S036,'800001773','','',''
'7048209020',S004,'800001821','','',''
'7048209020',S004,'800001918','','',''
'7048209020',S004,'800007611','60401018','',''
'7048209020',S004,'800007611','','',''
'7048209020',S004,'800002436','','',''
'7048209020',S004,'800007312','','',''
'7048209020',S004,'800001773','','',''
'7048209020',S004,'800007447','','',''
'7048209020',S004,'800006215','','',''
'7048209020',S004,'800007267','60401018','',''
'7048209020',S004,'800007377','60401018','',''
'7048209020',S004,'800007790','','',''
'7048209020',S004,'800001774','','',''
'7048209020',S001,'800006662','60401018','',''
'7048209020',S004,'800007555','','',''
'7048209020',S004,'800008765','','',''
'7048209020',S004,'800007662','','',''
'7048209020',S004,'800008766','','',''
'7048209020',S004,'800008768','','',''
'7048209020',S004,'800008767','','',''
'7048209020',S004,'800003261','60401018','',''
'7048209020',S004,'800010284','','',''
'7048209020',S004,'800007313','60804001','',''
'7048209020',S004,'800007377','60804001','',''
'7048209020',S004,'800007447','60804001','',''
'7048209020',S004,'800007312','60804001','',''
'7048209020',S004,'800006215','60804001','',''
'7048209020',S004,'800007611','60804001','',''
'7048209020',S004,'800001918','60804001','',''
'7048209020',S004,'800007481','','',''
'7048209020',S004,'800007485','60401018','',''
'7048209020',S004,'800008766','60401018','',''
'7048209020',S004,'800000717','','',''
'7048209020',S004,'800003262','60401018','',''
'7048209020',S004,'800010571','','',''
'7048209020',S004,'800007397','','',''
'7048209020',S004,'800001931','','',''
'7048209020',S004,'800001774','60401018','',''
'7048209020',S004,'800007312','60401018','',''
'7048209020',S004,'800007313','60401018','',''
'7048209020',S004,'800007397','60401018','',''
'7048209020',S004,'800001773','60401018','',''
'7048209020',S004,'800001290','','',''
'7048209020',S004,'800003254','60401018','',''
'7048209020',S036,'800001821','','',''
'7048209020',S004,'800007447','60401018','',''
'7048209020',S004,'800001773','60401099','',''
'7048209020',S004,'800007313','60401099','',''
'7048209020',S004,'800007312','60401099','',''
'7048209020',S004,'800007377','60401099','',''
'7048209020',S004,'800010583','','',''
'7048209020',S004,'800010586','','',''
'7048209020',S004,'800010584','','',''
'7048209020',S004,'800010571','60401018','',''
'7048209020',S004,'800008830','60401018','',''
'7048209020',S004,'800008830','','',''
'7048209020',S004,'800006330','','',''
'7048209020',S004,'800008764','60401018','',''
'7048209020',S004,'800007556','','',''
'7048209020',S004,'800007554','','',''
'7048209020',S004,'800008769','60401018','',''
'7048209020',S004,'800007447','60401099','',''
'7048209020',S036,'800007313','60401018','',''
'7048209020',S036,'800007313','','',''
'7048209020',S036,'800007312','60401018','',''
'7048209020',S036,'800007312','','',''
'7048209020',S004,'800008766','60404999','',''
'7048209020',S004,'800003262','60404999','',''
'7048209020',S004,'800007397','60404999','',''
'7048209020',S004,'800001774','91507998','',''
'7048209020',S004,'800003254','91507998','',''
'7048209020',S004,'800003261','91507998','',''
'7048209020',S004,'800003261','60404999','',''
'7048209020',S004,'800003254','60404999','',''
'7048209020',S004,'800001918','60404999','',''
'7048209020',S004,'800001821','91507998','',''
'7048209020',S004,'800001774','60404999','',''
'7048209020',S004,'800007312','60404999','',''
'7048209020',S004,'800007313','60404999','',''
'7048209020',S004,'800007447','60404999','',''
'7048209020',S004,'800007377','60404999','',''
'7048209020',S004,'800001773','60404999','',''
'7048209020',S004,'800010588','','',''
'7048209020',S004,'800010589','','',''
'7048209020',S004,'800001773','91507998','',''
'7048209020',S004,'800008764','','',''
'7048209020',S036,'800007662','','',''
'7048209020',S004,'800007477','60401018','',''
'7048209020',S004,'800007467','','',''
'7048209020',S004,'800006662','','',''
'7048209020',S004,'800001918','60401018','',''
'7048209020',S004,'800007477','','',''
'7048209020',S004,'800001855','60401018','',''
'7048209020',S079,'800001855','','',''
'7048209020',S079,'800001821','','',''
'7048209020',S004,'800008834','','',''
'7048209020',S076,'800001821','','',''
'7048209020',S001,'800007377','','',''
'7048209020',S001,'800007312','','',''
'7048209020',S001,'800007313','','',''
'7048209020',S004,'800007501','','',''
'7048209020',S005,'800007313','','',''
'7048209020',S005,'800007312','','',''
'7048209020',S005,'800007377','','',''
'7048209020',S004,'800002131','','',''
'7048209020',S004,'800008769','','',''
'7048209020',S001,'800008769','','',''
'7048209020',S001,'800009391','','',''
'7048209020',S001,'800008767','','',''
'7048209020',S004,'800003262','60804001','',''
'7048209020',S004,'800008764','60804001','',''
'7048209020',S004,'800001814','','',''
'7048209020',S004,'800010284','60401018','',''
'7048209020',S004,'800003250','60401018','',''
'7048209020',S004,'800008764','60404999','',''
'7048209020',S004,'800008765','60404999','',''
'7048209020',S004,'800002436','60404999','',''
'7048209020',S004,'800001821','60404999','',''
'7048209020',S004,'800001820','60404999','',''
'7048209020',S004,'800006287','','',''
'7048209020',S001,'800007477','','',''
'7048209020',S004,'800000712','','',''
'7048209020',S004,'800006286','','',''
'7048209020',S001,'800007447','','',''
'7048209020',S004,'800001773','60804001','',''
'7048209020',S005,'800002436','','',''
'7048209020',S004,'800006185','','',''
Счет главной книги,Класс услуги,Услуга,Класс ОС,Признак "Использование в основной деятельности",Признак "Способ использования"
'7048208020',S001,'800003300','','',''
'7048208020',S001,'800008022','','',''
'7048208020',S001,'800007318','','',''
'7048208020',S001,'800007315','60401018','',''
'7048208020',S001,'800007315','','',''
'7048208020',S001,'800007311','','',''
'7048208020',S001,'800007258','','',''
'7048208020',S001,'800000706','','',''
'7048208020',S001,'800000599','','',''
'7048208020',S001,'800000023','','',''
'7048208020',S001,'800000706','60401018','',''
'7048208020',S001,'800007258','60401018','',''
'7048208020',S001,'800003296','','',''
'7048208020',S001,'800007256','60401018','',''
'7048208020',S001,'800007338','','',''
'7048208020',S001,'800007626','','',''
'7048208020',S001,'800007631','','',''
'7048208020',S001,'800007310','','',''
'7048208020',S001,'800007535','','',''
'7048208020',S004,'800008022','','',''
'7048208020',S004,'800007318','','',''
'7048208020',S004,'800007315','','',''
'7048208020',S001,'800008022','60804001','',''
'7048208020',S001,'800000599','60804001','',''
'7048208020',S001,'800007311','60401018','',''
'7048208020',S001,'800007310','60401018','',''
'7048208020',S001,'800003300','60401018','',''
'7048208020',S001,'800007336','','',''
'7048208020',S001,'800000599','60401018','',''
'7048208020',S001,'800007629','60401018','',''
'7048208020',S001,'800007318','60401018','',''
'7048208020',S001,'800007318','60401099','',''
'7048208020',S001,'800008022','60401018','',''
'7048208020',S001,'800008022','60401099','',''
'7048208020',S001,'800000599','60401099','',''
'7048208020',S036,'800008022','','',''
'7048208020',S038,'800008022','','',''
'7048208020',S038,'800007315','','',''
'7048208020',S001,'800007311','60401099','',''
'7048208020',S001,'800007310','60401099','',''
'7048208020',S001,'800007626','60401099','',''
'7048208020',S001,'800007626','60401018','',''
'7048208020',S001,'800007629','60401099','',''
'7048208020',S001,'800007629','','',''
'7048208020',S001,'800000706','60404999','',''
'7048208020',S001,'800000599','60404999','',''
'7048208020',S001,'800007535','60404999','',''
'7048208020',S001,'800007336','60404999','',''
'7048208020',S001,'800007310','60404999','',''
'7048208020',S001,'800007311','60404999','',''
'7048208020',S036,'800008022','60404999','',''
'7048208020',S001,'800009600','','',''
'7048208020',S036,'800007315','','',''
'7048208020',S001,'800007336','60401018','',''
'7048208020',S001,'800007336','60401099','',''
'7048208020',S001,'800007335','','',''
'7048208020',S001,'800003299','','',''
'7048208020',S004,'800007535','','',''
'7048208020',S004,'800007311','','',''
'7048208020',S004,'800007336','','',''
'7048208020',S001,'800006393','','',''
'7048208020',S001,'800003297','','',''
'7048208020',S004,'800003299','','',''
'7048208020',S004,'800003300','','',''
'7048208020',S004,'800007335','','',''
'7048208020',S001,'800007535','60401018','',''
'7048208020',S005,'800007315','','',''
'7048208020',S001,'800008022','60404999','',''
'7048208020',S001,'800003301','','',''
'7048208020',S036,'800007535','','',''
'7048208020',S036,'800007311','','',''
'7048208020',S036,'800007335','','',''
'7048208020',S001,'800007335','60404999','',''
'7048208020',S001,'800007318','60404999','',''
'7048208020',S001,'800010110','60404999','',''
'7048208020',S001,'800010110','','',''
'7048208020',S001,'800006393','60404999','',''
'7048208020',S001,'800007335','60804001','',''
'7048208020',S001,'800007535','60804001','',''
'7048208020',S001,'800007311','60804001','',''
'7048208020',S001,'800007339','','',''
Счет главной книги,Класс услуги,Услуга,Класс ОС,Признак "Использование в основной деятельности",Признак "Способ использования"
'7048414970',S036,'800003662','62101001','',''
'7048414970',S036,'800002266','','',''
'7048414970',S036,'800005014','','',''
'7048414970',S036,'800007317','','',''
'7048414970',S036,'800007720','','',''
'7048414970',S036,'800005014','62101001','',''
'7048414970',S036,'800005002','62101001','',''
'7048414970',S036,'800005003','62101001','',''
'7048414970',S036,'800005001','62101001','',''
'7048414970',S036,'800003632','62101001','',''
'7048414970',S004,'800005014','','',''
'7048414970',S036,'800007361','','',''
'7048414970',S036,'800005580','62101001','',''
'7048414970',S036,'800005014','62001M04','',''
'7048414970',S036,'800005014','62001M01','',''
'7048414970',S036,'800003632','62001M01','',''
'7048414970',S036,'800006391','','',''
'7048414970',S036,'800007465','','',''
'7048414970',S004,'800010284','62101001','',''
'7048414970',S036,'800006391','61907996','',''
'7048414970',S036,'800005014','61907996','',''
'7048414970',S004,'800001855','62101001','',''
'7048414970',S004,'800003250','62101001','',''
'7048414970',S004,'800003254','62101001','',''
'7048414970',S004,'800003261','62101001','',''
'7048414970',S004,'800001820','62101001','',''
'7048414970',S004,'800001821','62101001','',''
'7048414970',S036,'800007740','62101001','',''
'7048414970',S004,'800007313','62001M01','',''
'7048414970',S004,'800007317','','',''
'7048414970',S004,'800003306','62001M01','',''
'7048414970',S036,'800010710','61907996','',''
'7048414970',S004,'800003262','62001M01','',''
'7048414970',S004,'800007377','62001M01','',''
'7048414970',S004,'800007447','62001M01','',''
'7048414970',S004,'800001821','62001M01','',''
'7048414970',S001,'800008022','62001M01','',''
'7048414970',S004,'800002436','62001M01','',''
'7048414970',S004,'800007312','62001M01','',''
'7048414970',S004,'800006215','62001M01','',''
'7048414970',S001,'800000599','62001M01','',''
'7048414970',S001,'800007315','62001M01','',''
'7048414970',S004,'800007611','62001M01','',''
'7048414970',S036,'800007361','62001M01','',''
'7048414970',S036,'800002266','62001M01','',''
'7048414970',S004,'800001918','62001M01','',''
'7048414970',S001,'800007338','62001M01','',''
'7048414970',S004,'800003250','62001M01','',''
'7048414970',S004,'800001820','62001M01','',''
'7048414970',S036,'800010284','62101001','',''
'7048414970',S004,'800003254','62001M01','',''
'7048414970',S004,'800003261','62001M01','',''
'7048414970',S004,'800001774','62101001','',''
'7048414970',S036,'800005591','62101001','',''
'7048414970',S004,'800001931','62101001','',''
'7048414970',S004,'800001828','62101001','',''
'7048414970',S004,'800007377','62101001','',''
'7048414970',S004,'800001773','62101001','',''
'7048414970',S036,'800005690','62101001','',''
'7048414970',S036,'800002266','60401018','',''
'7048414970',S036,'800002266','62101001','',''
'7048414970',S036,'800007515','62101001','',''
'7048414970',S036,'800007515','','',''
'7048414970',S025,'800002266','','',''
'7048414970',S036,'800002266','60401099','',''
'7048414970',S036,'800007317','61907996','',''
'7048414970',S036,'800007317','60401018','',''
'7048414970',S036,'800007317','60401099','',''
'7048414970',S004,'800001774','62001M01','',''
'7048414970',S001,'800007318','62101001','',''
'7048414970',S038,'800007317','','',''
'7048414970',S004,'800010586','62101001','',''
'7048414970',S004,'800010588','62101001','',''
'7048414970',S004,'800010583','62101001','',''
'7048414970',S004,'800010589','62101001','',''
'7048414970',S004,'800010584','62101001','',''
'7048414970',S004,'800003262','62101001','',''
'7048414970',S004,'800005014','61907996','',''
'7048414970',S004,'800006330','62101001','',''
'7048414970',S036,'800005001','62001M01','',''
'7048414970',S036,'800005002','62001M01','',''
'7048414970',S036,'800005003','62001M01','',''
'7048414970',S036,'800005591','62001M01','',''
'7048414970',S036,'800006661','62001M01','',''
'7048414970',S004,'800010651','62101001','',''
'7048414970',S036,'800007537','60401018','',''
'7048414970',S036,'800002266','61907996','',''
'7048414970',S036,'800005580','62001M01','',''
'7048414970',S001,'800008022','62101001','',''
'7048414970',S036,'800007537','','',''
'7048414970',S004,'800010586','62101004','',''
'7048414970',S036,'800007361','61907996','',''
'7048414970',S004,'800010583','62001M01','',''
'7048414970',S036,'800007537','61907996','',''
'7048414970',S004,'800008764','62101001','',''
'7048414970',S001,'800007258','62101001','',''
'7048414970',S036,'800007470','','',''
'7048414970',S036,'800007361','60401018','',''
'7048414970',S036,'800007361','62101001','',''
'7048414970',S036,'800006661','62101001','',''
'7048414970',S001,'800000706','62101001','',''
'7048414970',S004,'800010284','62001M01','',''
'7048414970',S036,'800005690','62001M01','',''
'7048414970',S036,'800007534','','',''
'7048414970',S001,'800007629','62101001','',''
'7048414970',S001,'800007626','62101001','',''
'7048414970',S001,'800007535','62101001','',''
'7048414970',S004,'800007477','62101001','',''
'7048414970',S004,'800007477','62001M01','',''
'7048414970',S036,'800004230','61907996','',''
'7048414970',S001,'800000599','62101001','',''
'7048414970',S004,'800007467','62101001','',''
'7048414970',S036,'800007476','','',''
'7048414970',S036,'800005014','60401018','',''
'7048414970',S004,'800007447','62101004','',''
'7048414970',S001,'800008022','62101004','',''
'7048414970',S001,'800007535','62101004','',''
'7048414970',S001,'800007311','62101004','',''
'7048414970',S001,'800007310','62101004','',''
'7048414970',S001,'800007335','62101004','',''
'7048414970',S001,'800007338','62101004','',''
'7048414970',S004,'800007397','62101001','',''
'7048414970',S004,'800007377','62101004','',''
'7048414970',S004,'800003262','62101004','',''
'7048414970',S004,'800001855','62101004','',''
'7048414970',S004,'800001821','62101004','',''
'7048414970',S004,'800001773','62001M01','',''
'7048414970',S004,'800008765','62101001','',''
'7048414970',S004,'800007312','62101001','',''
'7048414970',S004,'800007313','62101001','',''
'7048414970',S004,'800007447','62101001','',''
'7048414970',S004,'800007477','62101004','',''
'7048414970',S001,'800000599','62101004','',''
'7048414970',S036,'800007395','62001M01','',''
'7048414970',S004,'800001918','62101001','',''
'7048414970',S004,'800007317','61907996','',''
'7048414970',S036,'800005014','62001001','',''
'7048414970',S004,'800007397','62001M01','',''
'7048414970',S036,'800005591','','',''
'7048414970',S004,'800003632','62101001','',''
'7048414970',S004,'800007313','62101004','',''
'7048414970',S004,'800007312','62101004','',''
'7048414970',S004,'800002436','62101004','',''
'7048414970',S001,'800007311','62101001','',''
'7048414970',S001,'800007310','62101001','',''
'7048414970',S001,'800007335','62101001','',''
'7048414970',S001,'800007338','62101001','',''
'7048414970',S004,'800002436','62101001','',''
'7048414970',S004,'800003306','62101001','',''
'7048414970',S004,'800006215','62101001','',''
'7048414970',S036,'800005001','','',''
'7048414970',S036,'800001774','62101001','',''
'7048414970',S036,'800001773','62101001','',''
'7048414970',S036,'800003250','62101001','',''
'7048414970',S036,'800003254','62101001','',''
'7048414970',S036,'800003261','62101001','',''
'7048414970',S001,'800007477','62101001','',''
'7048414970',S004,'800001855','62001M01','',''
'7048414970',S036,'800007317','62101001','',''
'7048414970',S001,'800003300','62101001','',''
'7048414970',S001,'800006393','62101001','',''
'7048414970',S001,'800007317','','',''
'7048414970',S064,'800006759','62101001','',''
'7048414970',S036,'800006050','62101001','',''
'7048414970',S036,'800007317','60804001','',''
'7048414970',S005,'800007377','62101004','',''
'7048414970',S005,'800007377','62101001','',''
'7048414970',S005,'800007313','62101004','',''
'7048414970',S005,'800007313','62101001','',''
'7048414970',S005,'800007312','62101004','',''
'7048414970',S005,'800007312','62101001','',''
'7048414970',S004,'800005002','62101001','',''
'7048414970',S004,'800005580','62101001','',''
'7048414970',S004,'800005003','62101001','',''
'7048414970',S004,'800005014','62101001','',''
'7048414970',S005,'800002436','62101001','',''
'7048414970',S005,'800002436','62101004','',''
'7048414970',S036,'800008975','62101001','',''
'7048414970',S004,'800007466','','',''
Счет главной книги,Класс услуги,Услуга,Класс ОС,Признак "Использование в основной деятельности",Признак "Способ использования"
'7048401010',S008,'800001806','91507998',X,''
'7048401010',S008,'800002970','91507998',X,''
'7048401010',S008,'800007170','91507998',X,''
'7048401010',S008,'800002531','91507998',X,''
Счет главной книги,Класс услуги,Услуга,Класс ОС,Признак "Использование в основной деятельности",Признак "Способ использования"
'7047805030',S079,'800007541','','',''
'7047805030',S079,'800007547','','',''
'7047805030',S079,'800007548','','',''
'7047805030',S079,'800007545','','',''
